<?xml version="1.0"?>
<!DOCTYPE module PUBLIC
          "-//Puppy Crawl//DTD Check Configuration 1.3//EN"
          "http://www.puppycrawl.com/dtds/configuration_1_3.dtd">

<!--

  Director Checkstyle configuration.

  Enterprise style guide:
  https://wiki.cloudera.com/display/engineering/Enterprise+Java+Style+Guide

-->

<module name="Checker">
    <!--
        If you set the basedir property below, then all reported file
        names will be relative to the specified directory. See
        http://checkstyle.sourceforge.net/5.x/config.html#Checker

        <property name="basedir" value="${basedir}"/>
    -->

    <!-- Allow suppression using @SuppressWarnings. -->
    <module name="SuppressWarningsFilter"/>

    <!-- Checks that a package-info.java file exists for each package.     -->
    <!-- See http://checkstyle.sf.net/config_javadoc.html#JavadocPackage -->
    <!-- <module name="JavadocPackage"/> -->

    <!-- Checks whether files end with a new line.                        -->
    <!-- See http://checkstyle.sf.net/config_misc.html#NewlineAtEndOfFile -->
    <!-- <module name="NewlineAtEndOfFile"/> -->

    <!-- Checks that property files contain the same keys.         -->
    <!-- See http://checkstyle.sf.net/config_misc.html#Translation -->
    <!-- <module name="Translation"/> -->

    <!-- Checks for Size Violations.                    -->
    <!-- See http://checkstyle.sf.net/config_sizes.html -->
    <!-- <module name="FileLength"/> -->

    <!-- Checks for whitespace                               -->
    <!-- See http://checkstyle.sf.net/config_whitespace.html -->
    <module name="FileTabCharacter"/>

    <!-- Miscellaneous other checks.                   -->
    <!-- See http://checkstyle.sf.net/config_misc.html -->
    <!-- * no trailing whitespace -->
    <module name="RegexpSingleline">
       <property name="format" value="\s+$"/>
       <property name="minimum" value="0"/>
       <property name="maximum" value="0"/>
       <property name="message" value="Line has trailing spaces."/>
    </module>
    <!-- * avoid public static methods -->
    <!-- <module name="RegexpSingleline"> -->
       <!-- <property name="format" value="public static.*\("/> -->
       <!-- <property name="minimum" value="0"/> -->
       <!-- <property name="maximum" value="0"/> -->
       <!-- <property name="message" value="Avoid public static methods."/> -->
       <!-- <property name="severity" value="info"/> -->
    <!-- </module> -->

    <!-- Checks for Headers                                -->
    <!-- See http://checkstyle.sf.net/config_header.html   -->
    <!-- <module name="Header"> -->
    <!--   <property name="headerFile" value="${checkstyle.header.file}"/> -->
    <!--   <property name="fileExtensions" value="java"/> -->
    <!-- </module> -->

    <module name="TreeWalker">

        <!-- Make @SuppressWarnings available for suppressions. -->
        <module name="SuppressWarningsHolder"/>

        <!-- Check for the Cloudera copyright header. -->
        <module name="Regexp">
            <property name="format" value="Copyright.*\d\d\d\d Cloudera, Inc\." />
            <property name="message" value="Cloudera copyright header" />
        </module>

        <!-- Checks for Javadoc comments.                     -->
        <!-- See http://checkstyle.sf.net/config_javadoc.html -->
        <!-- <module name="JavadocVariable"/> -->
        <module name="JavadocStyle"/>
        <module name="JavadocMethod">
            <property name="scope" value="package" />
            <property name="allowUndeclaredRTE" value="true" />
            <property name="allowMissingParamTags" value="true" />
            <property name="allowMissingThrowsTags" value="true" />
            <property name="allowMissingReturnTag" value="true" />
            <property name="allowMissingPropertyJavadoc" value="true" />
            <property name="severity" value="info" />
        </module>
        <module name="JavadocType">
            <property name="scope" value="package" />
            <property name="allowMissingParamTags" value="true" />
            <property name="severity" value="info" />
        </module>

        <!-- Checks for Naming Conventions.                  -->
        <!-- See http://checkstyle.sf.net/config_naming.html -->
        <module name="ConstantName"/>
        <module name="LocalFinalVariableName"/>
        <module name="LocalVariableName"/>
        <module name="MemberName"/>
        <module name="MethodName"/>
        <module name="PackageName"/>
        <module name="ParameterName"/>
        <module name="StaticVariableName"/>
        <module name="TypeName"/>


        <!-- Checks for imports                              -->
        <!-- See http://checkstyle.sf.net/config_import.html -->
        <module name="AvoidStarImport"/>
        <module name="IllegalImport"/> <!-- defaults to sun.* packages -->
        <module name="ImportOrder">
            <property name="option" value="top" /><!-- all statics first -->
            <property name="separated" value="true" />
            <property name="severity" value="info" />
        </module>
        <module name="RedundantImport"/>
        <module name="UnusedImports">
            <property name="severity" value="warning" />
        </module>


        <!-- Checks for Size Violations.                    -->
        <!-- See http://checkstyle.sf.net/config_sizes.html -->
        <module name="LineLength">
            <property name="max" value="120" />
            <property name="severity" value="warning" />
        </module>
        <!-- <module name="MethodLength"/> -->
        <!-- <module name="ParameterNumber"/> -->


        <!-- Checks for whitespace                               -->
        <!-- See http://checkstyle.sf.net/config_whitespace.html -->
        <!-- <module name="EmptyForIteratorPad"/> -->
        <!-- <module name="GenericWhitespace"/> -->
        <module name="MethodParamPad">
            <property name="severity" value="warning" />
        </module>
        <!-- <module name="NoWhitespaceAfter"/> -->
        <!-- <module name="NoWhitespaceBefore"/> -->
        <!-- <module name="OperatorWrap"/> -->
        <!-- <module name="ParenPad"/> -->
        <!-- <module name="TypecastParenPad"/> -->
        <module name="WhitespaceAfter">
            <property name="severity" value="warning" />
        </module>
        <module name="WhitespaceAround">
            <property name="severity" value="warning" />
        </module>


        <!-- Modifier Checks                                    -->
        <!-- See http://checkstyle.sf.net/config_modifiers.html -->
        <!-- <module name="ModifierOrder"/> -->
        <!-- <module name="RedundantModifier"/> -->


        <!-- Checks for blocks. You know, those {}'s         -->
        <!-- See http://checkstyle.sf.net/config_blocks.html -->
        <!-- <module name="AvoidNestedBlocks"/> -->
        <!-- <module name="EmptyBlock"/> -->
        <module name="LeftCurly"/>
        <!-- <module name="NeedBraces"/> -->
        <module name="RightCurly"/>

        <!-- Checks for common coding problems               -->
        <!-- See http://checkstyle.sf.net/config_coding.html -->
        <!-- <module name="AvoidInlineConditionals"/> -->
        <module name="EmptyStatement"/>
        <module name="EqualsHashCode"/>
        <!-- <module name="HiddenField"/> -->
        <!-- <module name="IllegalInstantiation"/> -->
        <!-- <module name="InnerAssignment"/> -->
        <!-- <module name="MagicNumber"/> -->
        <module name="MissingSwitchDefault"/>
        <!-- <module name="RedundantThrows"/> -->
        <!-- <module name="SimplifyBooleanExpression"/> -->
        <!-- <module name="SimplifyBooleanReturn"/> -->
        <module name="StringLiteralEquality" />

        <!-- Checks for class design                         -->
        <!-- See http://checkstyle.sf.net/config_design.html -->
        <!-- <module name="DesignForExtension"/> -->
        <!-- <module name="FinalClass"/> -->
        <!-- <module name="HideUtilityClassConstructor"/> -->
        <!-- <module name="InterfaceIsType"/> -->
        <!-- <module name="VisibilityModifier"/> -->


        <!-- Miscellaneous other checks.                   -->
        <!-- See http://checkstyle.sf.net/config_misc.html -->
        <!-- <module name="ArrayTypeStyle"/> -->
        <!-- <module name="FinalParameters"/> -->
        <!-- <module name="TodoComment"/> -->
        <!-- <module name="UpperEll"/> -->

    </module>

</module>
